{
    "data":{
        "attributes":{
            "uv":{
                "itemSize":2,
                "type":"Float32Array",
                "array":[0.9999,9.998e-05,0.9999,0.9999,9.998e-05,0.9999,0.00010001,9.998e-05]
            },
            "position":{
                "itemSize":3,
                "type":"Float32Array",
                "array":[1,4.37114e-08,1,1,-4.37114e-08,-1,-1,-4.37114e-08,-1,-1,4.37114e-08,1]
            },
            "normal":{
                "itemSize":3,
                "type":"Float32Array",
                "array":[0,1,-4.37114e-08,0,1,-4.37114e-08,0,1,-4.37114e-08,0,1,-4.37114e-08]
            }
        },
        "index":{
            "itemSize":1,
            "type":"Uint16Array",
            "array":[0,1,2,3,0,2]
        }
    },
    "metadata":{
        "version":3,
        "uv":4,
        "position":4,
        "normal":4,
        "generator":"io_three",
        "type":"BufferGeometry"
    }
}