{
    "data":{
        "attributes":{
            "normal":{
                "itemSize":3,
                "type":"Float32Array",
                "array":[-1,0,-0,-1,0,-0,-1,0,-0,0,-2.98023e-08,-1,0,-2.98023e-08,-1,0,-2.98023e-08,-1,1,-0,0,1,-0,0,1,-0,0,0,5.96046e-08,1,0,5.96046e-08,1,0,5.96046e-08,1,0,-1,5.96046e-08,0,-1,5.96046e-08,0,-1,5.96046e-08,-0,1,0,-0,1,0,-0,1,0,-1,0,0,-0,-2.98023e-08,-1,1,-0,0,-0,5.96046e-08,1,0,-1,5.96046e-08,-0,1,0]
            },
            "position":{
                "itemSize":3,
                "type":"Float32Array",
                "array":[-1.444,1.00006,-0.477794,-1.444,-0.999941,-0.477794,-1.444,-0.999941,1.52221,0.555996,1.00006,-0.477794,0.555996,-0.999941,-0.477794,-1.444,-0.999941,-0.477794,0.555996,1.00006,1.52221,0.555996,-0.999941,1.52221,0.555996,-0.999941,-0.477794,-1.444,1.00006,1.52221,-1.444,-0.999941,1.52221,0.555996,-0.999941,1.52221,-1.444,-0.999941,-0.477794,0.555996,-0.999941,-0.477794,0.555996,-0.999941,1.52221,0.555996,1.00006,-0.477794,-1.444,1.00006,-0.477794,-1.444,1.00006,1.52221,-1.444,1.00006,1.52221,-1.444,1.00006,-0.477794,0.555996,1.00006,-0.477794,0.555996,1.00006,1.52221,-1.444,-0.999941,1.52221,0.555996,1.00006,1.52221]
            },
            "uv":{
                "itemSize":2,
                "type":"Float32Array",
                "array":[1,0,1,1,0,1,1,0,1,1,0,1,1,0,1,1,0,1,1,0,1,1,0,1,1,0,1,1,0,1,1,0,1,1,0,1,0,0,0,0,0,0,0,0,0,0,0,0]
            }
        },
        "index":{
            "itemSize":1,
            "type":"Uint16Array",
            "array":[0,1,2,3,4,5,6,7,8,9,10,11,12,13,14,15,16,17,18,0,2,19,3,5,20,6,8,21,9,11,22,12,14,23,15,17]
        }
    },
    "metadata":{
        "uv":24,
        "version":3,
        "normal":24,
        "type":"BufferGeometry",
        "position":24,
        "generator":"io_three"
    }
}